id;type;data;created_at
1;woot except;short root;2024-05-20T11:09:31
2;pish;violently um upon;2024-05-20T03:41:43
3;caper apropos;even;2024-05-20T04:55:11
4;jealously um;viscose phew;2024-05-20T12:38:54
5;so colorfully wannabe;mmm per ack;2024-05-20T02:38:53
6;majestic deceivingly pish;taco sprout woot;2024-05-20T09:32:37
7;dash lift;which if provided;2024-05-20T08:25:53
8;wampum;ladle retrain separate;2024-05-20T07:14:02
9;overflight which;likewise modest;2024-05-20T15:21:46
10;why inside anenst;mmm burn reassuringly;2024-05-20T20:46:25
