id;action;timestamp;details
1;calculating nor upright;2024-05-20T05:27:29;while fervently
2;amortise still per;2024-05-20T16:44:05;above frightfully scarily
3;lest;2024-05-20T11:58:37;after phooey
4;when rapidly;2024-05-20T11:55:29;bear camouflage frigid
5;outside psst lieu;2024-05-20T18:06:10;yuck pail
6;squabble brave;2024-05-20T22:05:34;boohoo bah third
7;the;2024-05-20T11:34:34;via join voluminous
8;known;2024-05-20T19:15:20;twig
9;whether;2024-05-20T10:24:44;jacket sentence zany
10;about oddly;2024-05-20T05:04:45;freelance
