id;name;street;neighborhood;property_number;phone;email
1;eventually belated positively;Mraz Fields;verifiable prime corps;7707;(226) 568-8427 x0646;Leanne97@yahoo.com
2;pepper meh underneath;London Road;brr;11124;991-811-9894 x203;Garett.Walsh@hotmail.com
3;irritably white rash;S West Street;identical aw that;20679;(722) 576-0268 x723;Kelly18@yahoo.com
4;whet oof shyly;Collin Vista;harmful enormously;8346;278.834.5971;Karli19@yahoo.com
5;prejudice ugh whoosh;N Pearl Street;how;27412;1-730-237-6807;Ransom_Wolf99@gmail.com
6;helplessly aw;Christophe Meadows;usually after feign;14228;959.924.3716;Dangelo46@hotmail.com
7;ick frayed startle;E 5th Street;pish;30776;555.887.8431 x44950;Alejandrin_Wisoky60@hotmail.com
8;manifestation;Hodkiewicz Wall;flunk;25668;975-954-9723 x8126;Rose_Borer@gmail.com
9;cosset nullify;W 14th Street;past swab off;4321;697.587.9911 x064;Otho.Wilderman55@gmail.com
10;quaintly;Abbey Road;clever minus;6350;935-828-9328 x4505;Zola.Gleason@hotmail.com
