id;title;description;status;created_at;updated_at
1;ferociously yowza longingly;drat apropos boohoo;meeting save;2024-05-20T19:33:58;2024-05-20T14:18:36
2;giggle but;till;drag extra-small cope;2024-05-20T17:37:49;2024-05-19T22:15:27
3;quadruple;past;tee meh psst;2024-05-20T12:12:03;2024-05-20T14:42:56
4;mechanically;uh-huh junior kill;klutzy buck who;2024-05-19T22:39:59;2024-05-19T22:22:11
5;furthermore;nervously facet ack;bulky down;2024-05-20T14:26:36;2024-05-19T23:00:24
6;ginger;afterlife amidst;phooey sling;2024-05-20T13:05:52;2024-05-20T13:56:41
7;yahoo;for;hearing swimming;2024-05-20T09:05:37;2024-05-20T00:24:32
8;than;swiftly until polyp;minus;2024-05-20T04:41:05;2024-05-20T05:01:55
9;correctly ghost muffled;republic once outstanding;outlying when vacantly;2024-05-20T02:21:46;2024-05-20T14:01:42
10;than carrier expire;or sonata credential;for mmm although;2024-05-19T23:36:46;2024-05-20T16:26:40
