id;service_name;config_data;created_at;updated_at
1;monthly afore playfully;hurtful once;2024-05-20T15:55:42;2024-05-20T10:46:10
2;gosh abaft;school;2024-05-20T15:40:26;2024-05-20T09:53:37
3;pannier useful;direct;2024-05-20T03:42:26;2024-05-20T02:57:01
4;inside aboard yippee;eek;2024-05-20T16:56:45;2024-05-20T04:11:00
5;pfft;meh;2024-05-20T11:01:06;2024-05-20T13:04:53
6;boohoo boo;enormous;2024-05-20T05:35:09;2024-05-20T02:57:41
7;upbeat injustice defrock;ouch;2024-05-20T09:43:29;2024-05-20T04:55:00
8;for good-natured excitable;phone;2024-05-19T23:37:55;2024-05-20T12:00:35
9;famously;gleefully harmless;2024-05-20T12:29:59;2024-05-19T22:16:22
10;grind even;airport qua;2024-05-20T17:52:24;2024-05-20T09:41:47
