id;username;email;role;login;first_name;last_name;image_url;activated;lang_key
1;knot immaculate;Kariane.Pacocha11@hotmail.com;ew;"R7_@JXkq\/ja\1Om\sDFkNA";Naomi;Bergstrom;hill parole;false;oddly
2;selfishly yum boo;Henriette_Bernhard45@yahoo.com;quickly;"=+@e0bCVR\f0iW";Rene;Boyle;upside-down recount ew;true;nearly ext
3;mmm well;Jarvis_Cole74@yahoo.com;off finally circa;"kVJki";Karen;Kuhn;kindly ugh;true;unknown ne
4;beneath psst;Allan_Kshlerin@yahoo.com;bustling;"BRbn";Elwyn;Romaguera-Rodriguez;a gosh;false;pish once
6;pliers;Thelma84@yahoo.com;twittering;"cmvt.";Maritza;Larson;melodic meanwhile political;true;zowie
7;when;Reid.Metz38@yahoo.com;dry honored;"Uz@3Ef\>mMKS2r\rvwnS";Maia;Reichert;yet;true;infatuated
8;gadzooks;Joseph_McGlynn@hotmail.com;across eye;"-mbo.@qm1q";Jayme;Jenkins;whether;true;delightful
9;regarding jump;Angelica_Graham28@gmail.com;willing hmph variable;"9w@V\iAFp\ V\^Nz";Kamron;Jacobson;pace frenetically despite;false;ouch eupho
10;bashfully scold vibrant;Gisselle_Blick-Schmeler@yahoo.com;for;"8";Shayne;Cole;around bulb;true;queasily l
