id;entry_type;value;entry_date
1;hmph painfully;fraternise extremely likewise;2024-06-03T06:18:28
2;carefully plagiarism;anenst aha;2024-06-03T04:33:36
3;needily which drat;blah total;2024-06-03T19:51:31
4;dutiful;if;2024-06-03T18:48:14
5;scientific;planter gosh;2024-06-03T12:34:32
6;pal nor;though;2024-06-03T08:08:33
7;times;basic foreshorten complement;2024-06-03T06:37:02
8;furthermore how;zowie;2024-06-03T12:49:38
9;well equipment squash;skim;2024-06-03T16:49:57
10;sweltering clear-cut wave;gently rambler;2024-06-03T00:13:35
