id;type;message;status;created_at
1;sympathetically indeed;sidestream after next;bleep because update;2024-05-20T13:50:21
2;firm inasmuch wrongly;instead;ack quote estimate;2024-05-20T15:23:06
3;amid;briskly;maniac;2024-05-20T09:47:11
4;since;how who self-control;eating;2024-05-20T17:07:11
5;hm escalator minimize;suspicious;sniveling;2024-05-20T07:30:53
6;slowly;minus;uh-huh;2024-05-20T12:26:36
7;rudely;barring usefully yowza;lionize obtrude;2024-05-20T20:44:28
8;bereave;unless pfft;pumpernickel indeed;2024-05-20T00:32:34
9;broken minus;glockenspiel opposite psst;step-uncle;2024-05-19T22:04:49
10;meh;even unaccountably about;however hackwork;2024-05-20T00:58:32
