id;phone_number;address;profile_picture;preferences
1;indeed skill duh;abaft sweep;data yippee;and pace
2;gee;transact manifestation;musty admired that;zowie
3;wherever;sugary essential painfully;gosh waterspout;ick
4;favorite;idealistic gosh;bitterly tick stealthily;satisfaction
5;phew;even;apropos;dim gadzooks forenenst
6;ah;hence now;even hovel;contrast inside finally
7;fatally;since;broadly;pricey meanwhile
8;for oregano teleconference;if oof;gosh whereas dimly;disperse times
9;adventurous whenever clank;excluding hm;amidst;whoever meh establish
10;than midst;scarily plus;nor;ride squeaky con
