id;title;generated_at;content
1;meanwhile so;2024-05-19T23:14:34;proctor as
2;frenetically mysteriously unimpressively;2024-05-20T18:05:00;dismay subside tenderly
3;scarily ick weird;2024-05-20T19:47:47;bah identical
4;blissfully ick;2024-05-20T12:02:46;codify whenever
5;cargo bitterly;2024-05-20T19:40:59;carburize
6;evergreen broadly;2024-05-20T00:23:31;lest strong wherever
7;spotless;2024-05-20T21:36:17;utter
8;naturally excluding yowza;2024-05-20T12:32:47;punctually
9;gadzooks whose;2024-05-20T02:55:36;innocence
10;favorite;2024-05-20T14:14:47;provided
