id;name;email;password_hash;created_at;updated_at
1;even kiddingly which;Nathanial50@hotmail.com;key geez;2024-05-20T09:18:24;2024-05-20T18:51:47
2;considering;Duncan_Oberbrunner@gmail.com;even;2024-05-20T21:11:13;2024-05-20T13:28:33
3;potentially;Cathy_Hessel74@yahoo.com;gadzooks yowza plus;2024-05-20T02:25:04;2024-05-20T11:05:50
4;support ugh;Anita0@yahoo.com;fooey veranda and;2024-05-20T08:11:44;2024-05-20T16:56:52
5;creamy since blah;Cameron.Witting29@yahoo.com;where dislodge regarding;2024-05-20T20:47:47;2024-05-20T03:01:45
6;impugn;Berenice.Macejkovic@hotmail.com;ah gloomy before;2024-05-20T02:55:04;2024-05-20T15:33:11
7;ah gentleman;Johnnie93@hotmail.com;considering scurry;2024-05-20T07:42:37;2024-05-20T20:08:56
8;motivation pace;Ruby48@yahoo.com;when;2024-05-20T02:35:38;2024-05-20T10:52:00
9;bake;Alanis.Padberg33@yahoo.com;dulcimer on meh;2024-05-20T03:23:07;2024-05-20T13:55:26
10;consequently meme;Pearlie_Gleichner79@hotmail.com;huzzah atop;2024-05-20T01:04:12;2024-05-20T20:04:44
